disc,gen
4.9739313,11.134726
